index	playlist_id	videos_total	playlist_name	playlist_url
1	x6bv7m	6	Haru 2019	https://www.dailymotion.com/playlist/x6bv7m
2	x6bw0h	17	Yusho - 01 !!!	https://www.dailymotion.com/playlist/x6bw0h
3	x6bw57	5	Diferent Kimarite !	https://www.dailymotion.com/playlist/x6bw57
4	x6c6m0	4	2018 World Sumo Championship	https://www.dailymotion.com/playlist/x6c6m0
5	x6cvbd	6	European Sumo Championships 2019	https://www.dailymotion.com/playlist/x6cvbd
6	x6djny	14	Natsu 2019 - Day 1	https://www.dailymotion.com/playlist/x6djny
7	x6dn9c	15	Natsu 2019 - Day 2	https://www.dailymotion.com/playlist/x6dn9c
8	x6dn9d	19	Natsu 2019 - Day 3	https://www.dailymotion.com/playlist/x6dn9d
9	x6dn9e	17	Natsu 2019 - Day 4	https://www.dailymotion.com/playlist/x6dn9e
10	x6dn9f	18	Natsu 2019 - Day 5	https://www.dailymotion.com/playlist/x6dn9f
11	x6dn9g	18	Natsu 2019 - Day 6	https://www.dailymotion.com/playlist/x6dn9g
12	x6dn9h	17	Natsu 2019 - Day 7	https://www.dailymotion.com/playlist/x6dn9h
13	x6dn9i	18	Natsu 2019 - Day 8	https://www.dailymotion.com/playlist/x6dn9i
14	x6dn9j	19	Natsu 2019 - Day 9	https://www.dailymotion.com/playlist/x6dn9j
15	x6dn9k	15	Natsu 2019 - Day 10	https://www.dailymotion.com/playlist/x6dn9k
16	x6dn9l	18	Natsu 2019 - Day 11	https://www.dailymotion.com/playlist/x6dn9l
17	x6dn9m	14	Natsu 2019 - Day 12	https://www.dailymotion.com/playlist/x6dn9m
18	x6dn9n	13	Natsu 2019 - Day 13	https://www.dailymotion.com/playlist/x6dn9n
19	x6dn9o	15	Natsu 2019 - Day 14	https://www.dailymotion.com/playlist/x6dn9o
20	x6dn9q	14	Natsu 2019 - Day 15	https://www.dailymotion.com/playlist/x6dn9q
21	x6eeju	8	Henka!	https://www.dailymotion.com/playlist/x6eeju
22	x6fdzy	14	Nagoya 2019 - Day 1	https://www.dailymotion.com/playlist/x6fdzy
23	x6ff8u	22	Nagoya 2019 - Day 2	https://www.dailymotion.com/playlist/x6ff8u
24	x6ff9e	18	Nagoya 2019 - Day 3	https://www.dailymotion.com/playlist/x6ff9e
25	x6ff9f	19	Nagoya 2019 - Day 4	https://www.dailymotion.com/playlist/x6ff9f
26	x6ff9g	18	Nagoya 2019 - Day 5	https://www.dailymotion.com/playlist/x6ff9g
27	x6ff9h	19	Nagoya 2019 - Day 6	https://www.dailymotion.com/playlist/x6ff9h
28	x6ff9i	16	Nagoya 2019 - Day 7	https://www.dailymotion.com/playlist/x6ff9i
29	x6ff9j	19	Nagoya 2019 - Day 8	https://www.dailymotion.com/playlist/x6ff9j
30	x6ff9k	20	Nagoya 2019 - Day 9	https://www.dailymotion.com/playlist/x6ff9k
31	x6ff9o	17	Nagoya 2019 - Day 10	https://www.dailymotion.com/playlist/x6ff9o
32	x6ff9p	17	Nagoya 2019 - Day 11	https://www.dailymotion.com/playlist/x6ff9p
33	x6ff9q	18	Nagoya 2019 - Day 12	https://www.dailymotion.com/playlist/x6ff9q
34	x6ff9r	21	Nagoya 2019 - Day 13	https://www.dailymotion.com/playlist/x6ff9r
35	x6ff9s	14	Nagoya 2019 - Day 14	https://www.dailymotion.com/playlist/x6ff9s
36	x6ff9t	17	Nagoya 2019 - Day 15	https://www.dailymotion.com/playlist/x6ff9t
37	x6h0hx	21	Aki 2019 - Day 1	https://www.dailymotion.com/playlist/x6h0hx
38	x6h0hy	16	Aki 2019 - Day 2	https://www.dailymotion.com/playlist/x6h0hy
39	x6h0hz	18	Aki 2019 - Day 3	https://www.dailymotion.com/playlist/x6h0hz
40	x6h0i0	20	Aki 2019 - Day 4	https://www.dailymotion.com/playlist/x6h0i0
41	x6h0i1	17	Aki 2019 - Day 5	https://www.dailymotion.com/playlist/x6h0i1
42	x6h0i2	18	Aki 2019 - Day 6	https://www.dailymotion.com/playlist/x6h0i2
43	x6h0i3	15	Aki 2019 - Day 7	https://www.dailymotion.com/playlist/x6h0i3
44	x6h0i5	18	Aki 2019 - Day 8	https://www.dailymotion.com/playlist/x6h0i5
45	x6h0i6	20	Aki 2019 - Day 9	https://www.dailymotion.com/playlist/x6h0i6
46	x6h0i7	17	Aki 2019 - Day 10	https://www.dailymotion.com/playlist/x6h0i7
47	x6h0i8	17	Aki 2019 - Day 11	https://www.dailymotion.com/playlist/x6h0i8
48	x6h0i9	17	Aki 2019 - Day 12	https://www.dailymotion.com/playlist/x6h0i9
49	x6h0ia	23	Aki 2019 - Day 13	https://www.dailymotion.com/playlist/x6h0ia
50	x6h0ib	14	Aki 2019 - Day 14	https://www.dailymotion.com/playlist/x6h0ib
51	x6h0ic	18	Aki 2019 - Day 15	https://www.dailymotion.com/playlist/x6h0ic
52	x6j07j	18	Kyushu 2019 - Day 1	https://www.dailymotion.com/playlist/x6j07j
53	x6j07k	13	Kyushu 2019 - Day 2	https://www.dailymotion.com/playlist/x6j07k
54	x6j07l	18	Kyushu 2019 - Day 3	https://www.dailymotion.com/playlist/x6j07l
55	x6j07m	15	Kyushu 2019 - Day 4	https://www.dailymotion.com/playlist/x6j07m
56	x6j07o	14	Kyushu 2019 - Day 5	https://www.dailymotion.com/playlist/x6j07o
57	x6j07p	18	Kyushu 2019 - Day 6	https://www.dailymotion.com/playlist/x6j07p
58	x6j07r	18	Kyushu 2019 - Day 7	https://www.dailymotion.com/playlist/x6j07r
59	x6j07s	18	Kyushu 2019 - Day 8	https://www.dailymotion.com/playlist/x6j07s
60	x6j07t	21	Kyushu 2019 - Day 9	https://www.dailymotion.com/playlist/x6j07t
61	x6j07u	15	Kyushu 2019 - Day 10	https://www.dailymotion.com/playlist/x6j07u
62	x6j07v	20	Kyushu 2019 - Day 11	https://www.dailymotion.com/playlist/x6j07v
63	x6j07w	15	Kyushu 2019 - Day 12	https://www.dailymotion.com/playlist/x6j07w
64	x6j07x	15	Kyushu 2019 - Day 13	https://www.dailymotion.com/playlist/x6j07x
65	x6j07y	15	Kyushu 2019 - Day 14	https://www.dailymotion.com/playlist/x6j07y
66	x6j07z	15	Kyushu 2019 - Day 15	https://www.dailymotion.com/playlist/x6j07z
67	x6l2vr	17	Hatsu 2020 - Day 1	https://www.dailymotion.com/playlist/x6l2vr
68	x6l2vv	18	Hatsu 2020 - Day 2	https://www.dailymotion.com/playlist/x6l2vv
69	x6l2vw	18	Hatsu 2020 - Day 3	https://www.dailymotion.com/playlist/x6l2vw
70	x6l2vx	20	Hatsu 2020 - Day 4	https://www.dailymotion.com/playlist/x6l2vx
71	x6l2vy	19	Hatsu 2020 - Day 5	https://www.dailymotion.com/playlist/x6l2vy
72	x6l2vz	12	Hatsu 2020 - Day 6	https://www.dailymotion.com/playlist/x6l2vz
73	x6l2w0	19	Hatsu 2020 - Day 7	https://www.dailymotion.com/playlist/x6l2w0
74	x6l2w1	15	Hatsu 2020 - Day 8	https://www.dailymotion.com/playlist/x6l2w1
75	x6l2w2	20	Hatsu 2020 - Day 9	https://www.dailymotion.com/playlist/x6l2w2
76	x6l2w3	18	Hatsu 2020 - Day 10	https://www.dailymotion.com/playlist/x6l2w3
77	x6l2w4	16	Hatsu 2020 - Day 11	https://www.dailymotion.com/playlist/x6l2w4
78	x6l2w5	17	Hatsu 2020 - Day 12	https://www.dailymotion.com/playlist/x6l2w5
79	x6l2w6	20	Hatsu 2020 - Day 13	https://www.dailymotion.com/playlist/x6l2w6
80	x6l2w7	12	Hatsu 2020 - Day 14	https://www.dailymotion.com/playlist/x6l2w7
81	x6l2w8	18	Hatsu 2020 - Day 15	https://www.dailymotion.com/playlist/x6l2w8
82	x6n08b	17	Haru 2020 - Day 1	https://www.dailymotion.com/playlist/x6n08b
83	x6n08c	19	Haru 2020 - Day 2	https://www.dailymotion.com/playlist/x6n08c
84	x6n08d	18	Haru 2020 - Day 3	https://www.dailymotion.com/playlist/x6n08d
85	x6n08e	20	Haru 2020 - Day 4	https://www.dailymotion.com/playlist/x6n08e
86	x6n08f	20	Haru 2020 - Day 5	https://www.dailymotion.com/playlist/x6n08f
87	x6n08g	21	Haru 2020 - Day 6	https://www.dailymotion.com/playlist/x6n08g
88	x6n08i	18	Haru 2020 - Day 7	https://www.dailymotion.com/playlist/x6n08i
89	x6n08l	20	Haru 2020 - Day 8	https://www.dailymotion.com/playlist/x6n08l
90	x6n08m	26	Haru 2020 - Day 9	https://www.dailymotion.com/playlist/x6n08m
91	x6n08n	21	Haru 2020 - Day 10	https://www.dailymotion.com/playlist/x6n08n
92	x6n08o	30	Haru 2020 - Day 11	https://www.dailymotion.com/playlist/x6n08o
93	x6n08p	19	Haru 2020 - Day 12	https://www.dailymotion.com/playlist/x6n08p
94	x6n08q	21	Haru 2020 - Day 13	https://www.dailymotion.com/playlist/x6n08q
95	x6n08r	20	Haru 2020 - Day 14	https://www.dailymotion.com/playlist/x6n08r
96	x6n08s	16	Haru 2020 - Day 15	https://www.dailymotion.com/playlist/x6n08s
97	x6te50	15	July 2020 - Day 01	https://www.dailymotion.com/playlist/x6te50
98	x6te51	15	July 2020 - Day 02	https://www.dailymotion.com/playlist/x6te51
99	x6te52	15	July 2020 - Day 03	https://www.dailymotion.com/playlist/x6te52
100	x6te53	13	July 2020 - Day 04	https://www.dailymotion.com/playlist/x6te53
101	x6te54	14	July 2020 - Day 05	https://www.dailymotion.com/playlist/x6te54
102	x6te56	14	July 2020 - Day 06	https://www.dailymotion.com/playlist/x6te56
103	x6te57	15	July 2020 - Day 07	https://www.dailymotion.com/playlist/x6te57
104	x6te58	17	July 2020 - Day 08	https://www.dailymotion.com/playlist/x6te58
105	x6te59	13	July 2020 - Day 09	https://www.dailymotion.com/playlist/x6te59
106	x6te5a	13	July 2020 - Day 10	https://www.dailymotion.com/playlist/x6te5a
107	x6te5b	22	July 2020 - Day 11	https://www.dailymotion.com/playlist/x6te5b
108	x6te5c	14	July 2020 - Day 12	https://www.dailymotion.com/playlist/x6te5c
109	x6te5d	16	July 2020 - Day 13	https://www.dailymotion.com/playlist/x6te5d
110	x6te5e	11	July 2020 - Day 14	https://www.dailymotion.com/playlist/x6te5e
111	x6te5f	14	July 2020 - Day 15	https://www.dailymotion.com/playlist/x6te5f
112	x6uq2m	10	Yusho - 02 !!!	https://www.dailymotion.com/playlist/x6uq2m
113	x6v8dr	23	Aki 2020 - Day 1	https://www.dailymotion.com/playlist/x6v8dr
114	x6v8dt	22	Aki 2020 - Day 2	https://www.dailymotion.com/playlist/x6v8dt
115	x6v8dv	19	Aki 2020 - Day 3	https://www.dailymotion.com/playlist/x6v8dv
116	x6v8dw	20	Aki 2020 - Day 4	https://www.dailymotion.com/playlist/x6v8dw
117	x6v8dx	19	Aki 2020 - Day 5	https://www.dailymotion.com/playlist/x6v8dx
118	x6vv4a	23	Aki 2020 - Day 6	https://www.dailymotion.com/playlist/x6vv4a
119	x6vv4c	25	Aki 2020 - Day 7	https://www.dailymotion.com/playlist/x6vv4c
120	x6vv4d	18	Aki 2020 - Day 8	https://www.dailymotion.com/playlist/x6vv4d
121	x6vv4e	30	Aki 2020 - Day 9	https://www.dailymotion.com/playlist/x6vv4e
122	x6vv4f	16	Aki 2020 - Day 10	https://www.dailymotion.com/playlist/x6vv4f
123	x6vv4g	28	Aki 2020 - Day 11	https://www.dailymotion.com/playlist/x6vv4g
124	x6vv4h	20	Aki 2020 - Day 12	https://www.dailymotion.com/playlist/x6vv4h
125	x6vv4i	19	Aki 2020 - Day 13	https://www.dailymotion.com/playlist/x6vv4i
126	x6vv4j	15	Aki 2020 - Day 14	https://www.dailymotion.com/playlist/x6vv4j
127	x6vv4l	15	Aki 2020 - Day 15	https://www.dailymotion.com/playlist/x6vv4l
128	x6xd2z	27	Kyushu 2020 - Day 01	https://www.dailymotion.com/playlist/x6xd2z
129	x6xj31	20	Kyushu 2020 - Day 02	https://www.dailymotion.com/playlist/x6xj31
130	x6xj32	22	Kyushu 2020 - Day 03	https://www.dailymotion.com/playlist/x6xj32
131	x6xj33	21	Kyushu 2020 - Day 04	https://www.dailymotion.com/playlist/x6xj33
132	x6xj34	22	Kyushu 2020 - Day 05	https://www.dailymotion.com/playlist/x6xj34
133	x6xj35	18	Kyushu 2020 - Day 06	https://www.dailymotion.com/playlist/x6xj35
134	x6xj37	23	Kyushu 2020 - Day 07	https://www.dailymotion.com/playlist/x6xj37
135	x6xj3c	24	Kyushu 2020 - Day 08	https://www.dailymotion.com/playlist/x6xj3c
136	x6xj3f	30	Kyushu 2020 - Day 09	https://www.dailymotion.com/playlist/x6xj3f
137	x6xj3g	19	Kyushu 2020 - Day 10	https://www.dailymotion.com/playlist/x6xj3g
138	x6xj3h	25	Kyushu 2020 - Day 11	https://www.dailymotion.com/playlist/x6xj3h
139	x6xj3i	14	Kyushu 2020 - Day 12	https://www.dailymotion.com/playlist/x6xj3i
140	x6xj3j	17	Kyushu 2020 - Day 13	https://www.dailymotion.com/playlist/x6xj3j
141	x6xj3k	11	Kyushu 2020 - Day 14	https://www.dailymotion.com/playlist/x6xj3k
142	x6xj3m	13	Kyushu 2020 - Day 15	https://www.dailymotion.com/playlist/x6xj3m
143	x6zkqs	9	Hatsu 2021 - Day 01	https://www.dailymotion.com/playlist/x6zkqs
144	x6zkqt	9	Hatsu 2021 - Day 02	https://www.dailymotion.com/playlist/x6zkqt
145	x6zkqu	11	Hatsu 2021 - Day 03	https://www.dailymotion.com/playlist/x6zkqu
146	x6zkqy	10	Hatsu 2021 - Day 04	https://www.dailymotion.com/playlist/x6zkqy
147	x6zkqz	10	Hatsu 2021 - Day 05	https://www.dailymotion.com/playlist/x6zkqz
148	x6zkr0	9	Hatsu 2021 - Day 06	https://www.dailymotion.com/playlist/x6zkr0
149	x6zkr1	9	Hatsu 2021 - Day 07	https://www.dailymotion.com/playlist/x6zkr1
150	x6zkr2	11	Hatsu 2021 - Day 08	https://www.dailymotion.com/playlist/x6zkr2
151	x6zkr4	10	Hatsu 2021 - Day 09	https://www.dailymotion.com/playlist/x6zkr4
152	x6zkr5	11	Hatsu 2021 - Day 10	https://www.dailymotion.com/playlist/x6zkr5
153	x6zkr6	10	Hatsu 2021 - Day 11	https://www.dailymotion.com/playlist/x6zkr6
154	x6zkr7	10	Hatsu 2021 - Day 12	https://www.dailymotion.com/playlist/x6zkr7
155	x6zkr9	12	Hatsu 2021 - Day 13	https://www.dailymotion.com/playlist/x6zkr9
156	x6zkra	13	Hatsu 2021 - Day 14	https://www.dailymotion.com/playlist/x6zkra
157	x6zkrb	15	Hatsu 2021 - Day 15	https://www.dailymotion.com/playlist/x6zkrb
158	x71h8u	16	Haru 2021 - Day 01	https://www.dailymotion.com/playlist/x71h8u
159	x71h8v	16	Haru 2021 - Day 02	https://www.dailymotion.com/playlist/x71h8v
160	x71h8x	16	Haru 2021 - Day 03	https://www.dailymotion.com/playlist/x71h8x
161	x71h8y	14	Haru 2021 - Day 04	https://www.dailymotion.com/playlist/x71h8y
162	x71h8z	16	Haru 2021 - Day 05	https://www.dailymotion.com/playlist/x71h8z
163	x71h90	13	Haru 2021 - Day 06	https://www.dailymotion.com/playlist/x71h90
164	x71h91	15	Haru 2021 - Day 07	https://www.dailymotion.com/playlist/x71h91
165	x71h92	15	Haru 2021 - Day 08	https://www.dailymotion.com/playlist/x71h92
166	x71h95	17	Haru 2021 - Day 09	https://www.dailymotion.com/playlist/x71h95
167	x71h96	14	Haru 2021 - Day 10	https://www.dailymotion.com/playlist/x71h96
168	x71h97	18	Haru 2021 - Day 11	https://www.dailymotion.com/playlist/x71h97
169	x71h98	17	Haru 2021 - Day 12	https://www.dailymotion.com/playlist/x71h98
170	x71h99	18	Haru 2021 - Day 13	https://www.dailymotion.com/playlist/x71h99
171	x71h9a	14	Haru 2021 - Day 14	https://www.dailymotion.com/playlist/x71h9a
172	x71h9b	17	Haru 2021 - Day 15	https://www.dailymotion.com/playlist/x71h9b
173	x73nef	14	Natsu 2021 - Day 01	https://www.dailymotion.com/playlist/x73nef
174	x73neg	14	Natsu 2021 - Day 02	https://www.dailymotion.com/playlist/x73neg
175	x73neh	14	Natsu 2021 - Day 03	https://www.dailymotion.com/playlist/x73neh
176	x73nej	17	Natsu 2021 - Day 04	https://www.dailymotion.com/playlist/x73nej
177	x73nek	19	Natsu 2021 - Day 05	https://www.dailymotion.com/playlist/x73nek
178	x73nel	18	Natsu 2021 - Day 06	https://www.dailymotion.com/playlist/x73nel
179	x73nem	18	Natsu 2021 - Day 07	https://www.dailymotion.com/playlist/x73nem
180	x73nen	17	Natsu 2021 - Day 08	https://www.dailymotion.com/playlist/x73nen
181	x73neo	18	Natsu 2021 - Day 09	https://www.dailymotion.com/playlist/x73neo
182	x73nep	15	Natsu 2021 - Day 10	https://www.dailymotion.com/playlist/x73nep
183	x73neq	19	Natsu 2021 - Day 11	https://www.dailymotion.com/playlist/x73neq
184	x73ner	16	Natsu 2021 - Day 12	https://www.dailymotion.com/playlist/x73ner
185	x73nes	21	Natsu 2021 - Day 13	https://www.dailymotion.com/playlist/x73nes
186	x73net	16	Natsu 2021 - Day 14	https://www.dailymotion.com/playlist/x73net
187	x73neu	20	Natsu 2021 - Day 15	https://www.dailymotion.com/playlist/x73neu
188	x759jn	16	Nagoya 2021 - Day 01	https://www.dailymotion.com/playlist/x759jn
189	x75p4v	19	Nagoya 2021 - Day 02	https://www.dailymotion.com/playlist/x75p4v
190	x75p4w	18	Nagoya 2021 - Day 03	https://www.dailymotion.com/playlist/x75p4w
191	x75p4x	17	Nagoya 2021 - Day 04	https://www.dailymotion.com/playlist/x75p4x
192	x75p4y	18	Nagoya 2021 - Day 05	https://www.dailymotion.com/playlist/x75p4y
193	x75p4z	15	Nagoya 2021 - Day 06	https://www.dailymotion.com/playlist/x75p4z
194	x75p50	19	Nagoya 2021 - Day 07	https://www.dailymotion.com/playlist/x75p50
195	x75p51	16	Nagoya 2021 - Day 08	https://www.dailymotion.com/playlist/x75p51
196	x75p52	15	Nagoya 2021 - Day 09	https://www.dailymotion.com/playlist/x75p52
197	x75p53	18	Nagoya 2021 - Day 10	https://www.dailymotion.com/playlist/x75p53
198	x75p54	19	Nagoya 2021 - Day 11	https://www.dailymotion.com/playlist/x75p54
199	x75p55	16	Nagoya 2021 - Day 12	https://www.dailymotion.com/playlist/x75p55
200	x75p56	19	Nagoya 2021 - Day 13	https://www.dailymotion.com/playlist/x75p56
201	x75p57	18	Nagoya 2021 - Day 14	https://www.dailymotion.com/playlist/x75p57
202	x75p58	18	Nagoya 2021 - Day 15	https://www.dailymotion.com/playlist/x75p58
203	x77wwx	15	Aki 2021 - Day 01	https://www.dailymotion.com/playlist/x77wwx
204	x77wwy	15	Aki 2021 - Day 02	https://www.dailymotion.com/playlist/x77wwy
205	x77wx0	15	Aki 2021 - Day 03	https://www.dailymotion.com/playlist/x77wx0
206	x77wx2	16	Aki 2021 - Day 04	https://www.dailymotion.com/playlist/x77wx2
207	x77wx3	17	Aki 2021 - Day 05	https://www.dailymotion.com/playlist/x77wx3
208	x77wx4	16	Aki 2021 - Day 06	https://www.dailymotion.com/playlist/x77wx4
209	x77wx5	16	Aki 2021 - Day 07	https://www.dailymotion.com/playlist/x77wx5
210	x77wx6	18	Aki 2021 - Day 08	https://www.dailymotion.com/playlist/x77wx6
211	x77wx8	16	Aki 2021 - Day 09	https://www.dailymotion.com/playlist/x77wx8
212	x77wxa	9	Aki 2021 - Day 10	https://www.dailymotion.com/playlist/x77wxa
213	x77wxb	15	Aki 2021 - Day 11	https://www.dailymotion.com/playlist/x77wxb
214	x77wxc	13	Aki 2021 - Day 12	https://www.dailymotion.com/playlist/x77wxc
215	x77wxd	16	Aki 2021 - Day 13	https://www.dailymotion.com/playlist/x77wxd
216	x77wxe	12	Aki 2021 - Day 14	https://www.dailymotion.com/playlist/x77wxe
217	x77wxg	14	Aki 2021 - Day 15	https://www.dailymotion.com/playlist/x77wxg
218	x7ap1g	11	Kyushu 2021 - Day 01	https://www.dailymotion.com/playlist/x7ap1g
219	x7ap1h	9	Kyushu 2021 - Day 02	https://www.dailymotion.com/playlist/x7ap1h
220	x7ap1j	13	Kyushu 2021 - Day 03	https://www.dailymotion.com/playlist/x7ap1j
221	x7ap1l	11	Kyushu 2021 - Day 04	https://www.dailymotion.com/playlist/x7ap1l
222	x7ap1m	12	Kyushu 2021 - Day 05	https://www.dailymotion.com/playlist/x7ap1m
223	x7ap1n	11	Kyushu 2021 - Day 06	https://www.dailymotion.com/playlist/x7ap1n
224	x7ap1o	12	Kyushu 2021 - Day 07	https://www.dailymotion.com/playlist/x7ap1o
225	x7ap1p	14	Kyushu 2021 - Day 08	https://www.dailymotion.com/playlist/x7ap1p
226	x7ap1r	12	Kyushu 2021 - Day 09	https://www.dailymotion.com/playlist/x7ap1r
227	x7ap1s	15	Kyushu 2021 - Day 10	https://www.dailymotion.com/playlist/x7ap1s
228	x7ap1t	13	Kyushu 2021 - Day 11	https://www.dailymotion.com/playlist/x7ap1t
229	x7ap1u	12	Kyushu 2021 - Day 12	https://www.dailymotion.com/playlist/x7ap1u
230	x7ap1w	14	Kyushu 2021 - Day 13	https://www.dailymotion.com/playlist/x7ap1w
231	x7ap1x	12	Kyushu 2021 - Day 14	https://www.dailymotion.com/playlist/x7ap1x
232	x7ap1y	15	Kyushu 2021 - Day 15	https://www.dailymotion.com/playlist/x7ap1y
233	x7d1gj	14	Hatsu 2022 - Day 01	https://www.dailymotion.com/playlist/x7d1gj
234	x7d1gk	14	Hatsu 2022 - Day 02	https://www.dailymotion.com/playlist/x7d1gk
235	x7d1gl	13	Hatsu 2022 - Day 03	https://www.dailymotion.com/playlist/x7d1gl
236	x7d1gm	15	Hatsu 2022 - Day 04	https://www.dailymotion.com/playlist/x7d1gm
237	x7d1gn	15	Hatsu 2022 - Day 05	https://www.dailymotion.com/playlist/x7d1gn
238	x7d1gp	13	Hatsu 2022 - Day 06	https://www.dailymotion.com/playlist/x7d1gp
239	x7d1gq	16	Hatsu 2022 - Day 07	https://www.dailymotion.com/playlist/x7d1gq
240	x7d1gr	16	Hatsu 2022 - Day 08	https://www.dailymotion.com/playlist/x7d1gr
241	x7d1gs	15	Hatsu 2022 - Day 09	https://www.dailymotion.com/playlist/x7d1gs
242	x7d1gt	13	Hatsu 2022 - Day 10	https://www.dailymotion.com/playlist/x7d1gt
243	x7d1gu	9	Hatsu 2022 - Day 11	https://www.dailymotion.com/playlist/x7d1gu
244	x7d1gv	13	Hatsu 2022 - Day 12	https://www.dailymotion.com/playlist/x7d1gv
245	x7d1gw	19	Hatsu 2022 - Day 13	https://www.dailymotion.com/playlist/x7d1gw
246	x7d1gx	13	Hatsu 2022 - Day 14	https://www.dailymotion.com/playlist/x7d1gx
247	x7d1gy	13	Hatsu 2022 - Day 15	https://www.dailymotion.com/playlist/x7d1gy
248	x7f9i2	15	Haru 2022 - Day 01	https://www.dailymotion.com/playlist/x7f9i2
249	x7f9i3	15	Haru 2022 - Day 02	https://www.dailymotion.com/playlist/x7f9i3
250	x7f9i4	15	Haru 2022 - Day 03	https://www.dailymotion.com/playlist/x7f9i4
251	x7f9i5	11	Haru 2022 - Day 04	https://www.dailymotion.com/playlist/x7f9i5
252	x7f9i6	13	Haru 2022 - Day 05	https://www.dailymotion.com/playlist/x7f9i6
253	x7f9i7	15	Haru 2022 - Day 06	https://www.dailymotion.com/playlist/x7f9i7
254	x7f9i8	10	Haru 2022 - Day 07	https://www.dailymotion.com/playlist/x7f9i8
255	x7f9i9	15	Haru 2022 - Day 08	https://www.dailymotion.com/playlist/x7f9i9
256	x7f9ia	14	Haru 2022 - Day 09	https://www.dailymotion.com/playlist/x7f9ia
257	x7f9ib	14	Haru 2022 - Day 10	https://www.dailymotion.com/playlist/x7f9ib
258	x7f9id	13	Haru 2022 - Day 11	https://www.dailymotion.com/playlist/x7f9id
259	x7f9ie	15	Haru 2022 - Day 12	https://www.dailymotion.com/playlist/x7f9ie
260	x7f9if	12	Haru 2022 - Day 13	https://www.dailymotion.com/playlist/x7f9if
261	x7f9ig	8	Haru 2022 - Day 14	https://www.dailymotion.com/playlist/x7f9ig
262	x7f9ih	15	Haru 2022 - Day 15	https://www.dailymotion.com/playlist/x7f9ih
263	x7h1mu	12	Natsu 2022 - Day 1	https://www.dailymotion.com/playlist/x7h1mu
264	x7h1mv	13	Natsu 2022 - Day 2	https://www.dailymotion.com/playlist/x7h1mv
265	x7h1mw	15	Natsu 2022 - Day 3	https://www.dailymotion.com/playlist/x7h1mw
266	x7h1mx	14	Natsu 2022 - Day 4	https://www.dailymotion.com/playlist/x7h1mx
267	x7h1my	12	Natsu 2022 - Day 5	https://www.dailymotion.com/playlist/x7h1my
268	x7h1mz	11	Natsu 2022 - Day 6	https://www.dailymotion.com/playlist/x7h1mz
269	x7h1n0	10	Natsu 2022 - Day 7	https://www.dailymotion.com/playlist/x7h1n0
270	x7h1n1	11	Natsu 2022 - Day 8	https://www.dailymotion.com/playlist/x7h1n1
271	x7h1n2	10	Natsu 2022 - Day 9	https://www.dailymotion.com/playlist/x7h1n2
272	x7h1n3	10	Natsu 2022 - Day 10	https://www.dailymotion.com/playlist/x7h1n3
273	x7h1n4	10	Natsu 2022 - Day 11	https://www.dailymotion.com/playlist/x7h1n4
274	x7h1n5	12	Natsu 2022 - Day 12	https://www.dailymotion.com/playlist/x7h1n5
275	x7h1n6	6	Natsu 2022 - Day 13	https://www.dailymotion.com/playlist/x7h1n6
276	x7h1n7	9	Natsu 2022 - Day 14	https://www.dailymotion.com/playlist/x7h1n7
277	x7h1n8	13	Natsu 2022 - Day 15	https://www.dailymotion.com/playlist/x7h1n8
278	x7j9p2	14	Nagoya 2022 - Day 1	https://www.dailymotion.com/playlist/x7j9p2
279	x7j9p6	10	Nagoya 2022 - Day 2	https://www.dailymotion.com/playlist/x7j9p6
280	x7j9p7	11	Nagoya 2022 - Day 3	https://www.dailymotion.com/playlist/x7j9p7
281	x7j9p8	10	Nagoya 2022 - Day 4	https://www.dailymotion.com/playlist/x7j9p8
282	x7j9p9	11	Nagoya 2022 - Day 5	https://www.dailymotion.com/playlist/x7j9p9
283	x7jecy	9	Nagoya 2022 - Day 6	https://www.dailymotion.com/playlist/x7jecy
284	x7jecz	10	Nagoya 2022 - Day 7	https://www.dailymotion.com/playlist/x7jecz
285	x7jed0	9	Nagoya 2022 - Day 8	https://www.dailymotion.com/playlist/x7jed0
286	x7jed1	9	Nagoya 2022 - Day 9	https://www.dailymotion.com/playlist/x7jed1
287	x7jed2	10	Nagoya 2022 - Day 10	https://www.dailymotion.com/playlist/x7jed2
288	x7jed3	5	Nagoya 2022 - Day 11	https://www.dailymotion.com/playlist/x7jed3
289	x7jed4	8	Nagoya 2022 - Day 12	https://www.dailymotion.com/playlist/x7jed4
290	x7jed5	7	Nagoya 2022 - Day 13	https://www.dailymotion.com/playlist/x7jed5
291	x7jed6	7	Nagoya 2022 - Day 14	https://www.dailymotion.com/playlist/x7jed6
292	x7jed7	8	Nagoya 2022 - Day 15	https://www.dailymotion.com/playlist/x7jed7
293	x7kzxz	10	Aki 2022 - Day 1	https://www.dailymotion.com/playlist/x7kzxz
294	x7kzy0	10	Aki 2022 - Day 2	https://www.dailymotion.com/playlist/x7kzy0
295	x7kzy1	12	Aki 2022 - Day 3	https://www.dailymotion.com/playlist/x7kzy1
296	x7kzy2	11	Aki 2022 - Day 4	https://www.dailymotion.com/playlist/x7kzy2
297	x7kzy3	10	Aki 2022 - Day 5	https://www.dailymotion.com/playlist/x7kzy3
298	x7kzy4	11	Aki 2022 - Day 6	https://www.dailymotion.com/playlist/x7kzy4
299	x7kzy5	10	Aki 2022 - Day 7	https://www.dailymotion.com/playlist/x7kzy5
300	x7kzy7	11	Aki 2022 - Day 8	https://www.dailymotion.com/playlist/x7kzy7
301	x7kzy9	10	Aki 2022 - Day 9	https://www.dailymotion.com/playlist/x7kzy9
302	x7kzya	10	Aki 2022 - Day 10	https://www.dailymotion.com/playlist/x7kzya
303	x7kzyb	10	Aki 2022 - Day 11	https://www.dailymotion.com/playlist/x7kzyb
304	x7kzyc	9	Aki 2022 - Day 12	https://www.dailymotion.com/playlist/x7kzyc
305	x7kzye	8	Aki 2022 - Day 13	https://www.dailymotion.com/playlist/x7kzye
306	x7kzyf	7	Aki 2022 - Day 14	https://www.dailymotion.com/playlist/x7kzyf
307	x7kzyg	13	Aki 2022 - Day 15	https://www.dailymotion.com/playlist/x7kzyg
308	x7n5n7	11	Kyushu 2022 - Day 1	https://www.dailymotion.com/playlist/x7n5n7
309	x7n5wm	10	Kyushu 2022 - Day 2	https://www.dailymotion.com/playlist/x7n5wm
310	x7n5wn	11	Kyushu 2022 - Day 3	https://www.dailymotion.com/playlist/x7n5wn
311	x7n5wo	12	Kyushu 2022 - Day 4	https://www.dailymotion.com/playlist/x7n5wo
312	x7n5wp	11	Kyushu 2022 - Day 5	https://www.dailymotion.com/playlist/x7n5wp
313	x7nefs	12	Kyushu 2022 - Day 6	https://www.dailymotion.com/playlist/x7nefs
314	x7neft	12	Kyushu 2022 - Day 7	https://www.dailymotion.com/playlist/x7neft
315	x7nefu	14	Kyushu 2022 - Day 8	https://www.dailymotion.com/playlist/x7nefu
316	x7nefv	10	Kyushu 2022 - Day 9	https://www.dailymotion.com/playlist/x7nefv
317	x7nefw	11	Kyushu 2022 - Day 10	https://www.dailymotion.com/playlist/x7nefw
318	x7negk	12	Kyushu 2022 - Day 11	https://www.dailymotion.com/playlist/x7negk
319	x7negl	11	Kyushu 2022 - Day 12	https://www.dailymotion.com/playlist/x7negl
320	x7negm	13	Kyushu 2022 - Day 13	https://www.dailymotion.com/playlist/x7negm
321	x7negn	8	Kyushu 2022 - Day 14	https://www.dailymotion.com/playlist/x7negn
322	x7nego	15	Kyushu 2022 - Day 15	https://www.dailymotion.com/playlist/x7nego
323	x7p7sf	11	Hatsu 2023 - Day 01	https://www.dailymotion.com/playlist/x7p7sf
324	x7p7sg	10	Hatsu 2023 - Day 02	https://www.dailymotion.com/playlist/x7p7sg
325	x7p7sh	11	Hatsu 2023 - Day 03	https://www.dailymotion.com/playlist/x7p7sh
326	x7p7si	11	Hatsu 2023 - Day 04	https://www.dailymotion.com/playlist/x7p7si
327	x7p7sj	11	Hatsu 2023 - Day 05	https://www.dailymotion.com/playlist/x7p7sj
328	x7p7sk	12	Hatsu 2023 - Day 06	https://www.dailymotion.com/playlist/x7p7sk
329	x7p7sl	12	Hatsu 2023 - Day 07	https://www.dailymotion.com/playlist/x7p7sl
330	x7p7sm	12	Hatsu 2023 - Day 08	https://www.dailymotion.com/playlist/x7p7sm
331	x7p7sn	10	Hatsu 2023 - Day 09	https://www.dailymotion.com/playlist/x7p7sn
332	x7p7so	11	Hatsu 2023 - Day 10	https://www.dailymotion.com/playlist/x7p7so
333	x7p7sp	10	Hatsu 2023 - Day 11	https://www.dailymotion.com/playlist/x7p7sp
334	x7p7sr	10	Hatsu 2023 - Day 12	https://www.dailymotion.com/playlist/x7p7sr
335	x7p7ss	10	Hatsu 2023 - Day 13	https://www.dailymotion.com/playlist/x7p7ss
336	x7p7st	8	Hatsu 2023 - Day 14	https://www.dailymotion.com/playlist/x7p7st
337	x7p7su	11	Hatsu 2023 - Day 15	https://www.dailymotion.com/playlist/x7p7su
338	x7rtd9	11	Haru 2023 - Day 01	https://www.dailymotion.com/playlist/x7rtd9
339	x7rtda	11	Haru 2023 - Day 02	https://www.dailymotion.com/playlist/x7rtda
340	x7rtdb	10	Haru 2023 - Day 03	https://www.dailymotion.com/playlist/x7rtdb
341	x7rtdc	10	Haru 2023 - Day 04	https://www.dailymotion.com/playlist/x7rtdc
342	x7rtdd	11	Haru 2023 - Day 05	https://www.dailymotion.com/playlist/x7rtdd
343	x7rtde	11	Haru 2023 - Day 06	https://www.dailymotion.com/playlist/x7rtde
344	x7rtdf	10	Haru 2023 - Day 07	https://www.dailymotion.com/playlist/x7rtdf
345	x7rtdg	11	Haru 2023 - Day 08	https://www.dailymotion.com/playlist/x7rtdg
346	x7rtdh	11	Haru 2023 - Day 09	https://www.dailymotion.com/playlist/x7rtdh
347	x7rtdi	11	Haru 2023 - Day 10	https://www.dailymotion.com/playlist/x7rtdi
348	x7rtdj	11	Haru 2023 - Day 11	https://www.dailymotion.com/playlist/x7rtdj
349	x7rtdk	10	Haru 2023 - Day 12	https://www.dailymotion.com/playlist/x7rtdk
350	x7rtdl	9	Haru 2023 - Day 13	https://www.dailymotion.com/playlist/x7rtdl
351	x7rtdm	10	Haru 2023 - Day 14	https://www.dailymotion.com/playlist/x7rtdm
352	x7rtdn	14	Haru 2023 - Day 15	https://www.dailymotion.com/playlist/x7rtdn
353	x7v7ar	12	Natsu 2023 - Day 01	https://www.dailymotion.com/playlist/x7v7ar
354	x7v7as	10	Natsu 2023 - Day 02	https://www.dailymotion.com/playlist/x7v7as
355	x7v7at	11	Natsu 2023 - Day 03	https://www.dailymotion.com/playlist/x7v7at
356	x7v7av	11	Natsu 2023 - Day 04	https://www.dailymotion.com/playlist/x7v7av
357	x7v7ay	8	Natsu 2023 - Day 05	https://www.dailymotion.com/playlist/x7v7ay
358	x7v7b0	7	Natsu 2023 - Day 06	https://www.dailymotion.com/playlist/x7v7b0
359	x7v7b1	6	Natsu 2023 - Day 07	https://www.dailymotion.com/playlist/x7v7b1
360	x7v7b3	7	Natsu 2023 - Day 08	https://www.dailymotion.com/playlist/x7v7b3
361	x7v7b4	6	Natsu 2023 - Day 09	https://www.dailymotion.com/playlist/x7v7b4
362	x7v7b6	6	Natsu 2023 - Day 10	https://www.dailymotion.com/playlist/x7v7b6
363	x7v7b7	6	Natsu 2023 - Day 11	https://www.dailymotion.com/playlist/x7v7b7
364	x7v7b9	6	Natsu 2023 - Day 12	https://www.dailymotion.com/playlist/x7v7b9
365	x7v7bb	6	Natsu 2023 - Day 13	https://www.dailymotion.com/playlist/x7v7bb
366	x7v7bd	6	Natsu 2023 - Day 14	https://www.dailymotion.com/playlist/x7v7bd
367	x7v7bf	12	Natsu 2023 - Day 15	https://www.dailymotion.com/playlist/x7v7bf
368	x7xh7p	6	Nagoya 2023 - Day 1	https://www.dailymotion.com/playlist/x7xh7p
369	x7xh7q	6	Nagoya 2023 - Day 2	https://www.dailymotion.com/playlist/x7xh7q
370	x7xh7s	7	Nagoya 2023 - Day 3	https://www.dailymotion.com/playlist/x7xh7s
371	x7xh7t	6	Nagoya 2023 - Day 4	https://www.dailymotion.com/playlist/x7xh7t
372	x7xh7u	6	Nagoya 2023 - Day 5	https://www.dailymotion.com/playlist/x7xh7u
373	x7xh7v	6	Nagoya 2023 - Day 6	https://www.dailymotion.com/playlist/x7xh7v
374	x7xh7w	6	Nagoya 2023 - Day 7	https://www.dailymotion.com/playlist/x7xh7w
375	x7xh7x	6	Nagoya 2023 - Day 8	https://www.dailymotion.com/playlist/x7xh7x
376	x7xh7z	6	Nagoya 2023 - Day 9	https://www.dailymotion.com/playlist/x7xh7z
377	x7xh80	6	Nagoya 2023 - Day 10	https://www.dailymotion.com/playlist/x7xh80
378	x7xh81	6	Nagoya 2023 - Day 11	https://www.dailymotion.com/playlist/x7xh81
379	x7xh82	6	Nagoya 2023 - Day 12	https://www.dailymotion.com/playlist/x7xh82
380	x7xh83	6	Nagoya 2023 - Day 13	https://www.dailymotion.com/playlist/x7xh83
381	x7xh84	6	Nagoya 2023 - Day 14	https://www.dailymotion.com/playlist/x7xh84
382	x7xh85	13	Nagoya 2023 - Day 15	https://www.dailymotion.com/playlist/x7xh85
383	x7z8bl	6	Aki 2023 - Day 1	https://www.dailymotion.com/playlist/x7z8bl
384	x7z8bm	6	Aki 2023 - Day 2	https://www.dailymotion.com/playlist/x7z8bm
385	x7z8bn	7	Aki 2023 - Day 3	https://www.dailymotion.com/playlist/x7z8bn
386	x7z8bo	7	Aki 2023 - Day 4	https://www.dailymotion.com/playlist/x7z8bo
387	x7z8bp	7	Aki 2023 - Day 5	https://www.dailymotion.com/playlist/x7z8bp
388	x7z8bq	6	Aki 2023 - Day 6	https://www.dailymotion.com/playlist/x7z8bq
389	x7z8br	6	Aki 2023 - Day 7	https://www.dailymotion.com/playlist/x7z8br
390	x7z8bs	7	Aki 2023 - Day 8	https://www.dailymotion.com/playlist/x7z8bs
391	x7z8bt	6	Aki 2023 - Day 9	https://www.dailymotion.com/playlist/x7z8bt
392	x7z8bu	6	Aki 2023 - Day 10	https://www.dailymotion.com/playlist/x7z8bu
393	x7z8bv	6	Aki 2023 - Day 11	https://www.dailymotion.com/playlist/x7z8bv
394	x7z8bw	6	Aki 2023 - Day 12	https://www.dailymotion.com/playlist/x7z8bw
395	x7z8bx	6	Aki 2023 - Day 13	https://www.dailymotion.com/playlist/x7z8bx
396	x7z8by	6	Aki 2023 - Day 14	https://www.dailymotion.com/playlist/x7z8by
397	x7z8bz	11	Aki 2023 - Day 15	https://www.dailymotion.com/playlist/x7z8bz
398	x80ywf	6	Kyushu 2023 - Day 01	https://www.dailymotion.com/playlist/x80ywf
399	x80ywg	6	Kyushu 2023 - Day 02	https://www.dailymotion.com/playlist/x80ywg
400	x80ywh	7	Kyushu 2023 - Day 03	https://www.dailymotion.com/playlist/x80ywh
401	x80ywi	7	Kyushu 2023 - Day 04	https://www.dailymotion.com/playlist/x80ywi
402	x80ywj	6	Kyushu 2023 - Day 05	https://www.dailymotion.com/playlist/x80ywj
403	x80ywk	6	Kyushu 2023 - Day 06	https://www.dailymotion.com/playlist/x80ywk
404	x80ywl	6	Kyushu 2023 - Day 07	https://www.dailymotion.com/playlist/x80ywl
405	x80ywn	7	Kyushu 2023 - Day 08	https://www.dailymotion.com/playlist/x80ywn
406	x80ywo	6	Kyushu 2023 - Day 09	https://www.dailymotion.com/playlist/x80ywo
407	x80ywp	6	Kyushu 2023 - Day 10	https://www.dailymotion.com/playlist/x80ywp
408	x80ywr	6	Kyushu 2023 - Day 11	https://www.dailymotion.com/playlist/x80ywr
409	x80ywu	6	Kyushu 2023 - Day 12	https://www.dailymotion.com/playlist/x80ywu
410	x80yww	6	Kyushu 2023 - Day 13	https://www.dailymotion.com/playlist/x80yww
411	x80ywx	5	Kyushu 2023 - Day 14	https://www.dailymotion.com/playlist/x80ywx
412	x80ywy	10	Kyushu 2023 - Day 15	https://www.dailymotion.com/playlist/x80ywy
413	x83g1v	6	Hatsu 2024 - Day 1	https://www.dailymotion.com/playlist/x83g1v
414	x83g1w	6	Hatsu 2024 - Day 2	https://www.dailymotion.com/playlist/x83g1w
415	x83g1x	7	Hatsu 2024 - Day 3	https://www.dailymotion.com/playlist/x83g1x
416	x83g1y	7	Hatsu 2024 - Day 4	https://www.dailymotion.com/playlist/x83g1y
417	x83g20	7	Hatsu 2024 - Day 5	https://www.dailymotion.com/playlist/x83g20
418	x83g23	7	Hatsu 2024 - Day 6	https://www.dailymotion.com/playlist/x83g23
419	x83g24	7	Hatsu 2024 - Day 7	https://www.dailymotion.com/playlist/x83g24
420	x83g26	7	Hatsu 2024 - Day 8	https://www.dailymotion.com/playlist/x83g26
421	x83g27	6	Hatsu 2024 - Day 9	https://www.dailymotion.com/playlist/x83g27
422	x83g28	6	Hatsu 2024 - Day 10	https://www.dailymotion.com/playlist/x83g28
423	x83g29	6	Hatsu 2024 - Day 11	https://www.dailymotion.com/playlist/x83g29
424	x83g2a	6	Hatsu 2024 - Day 12	https://www.dailymotion.com/playlist/x83g2a
425	x83g2b	5	Hatsu 2024 - Day 13	https://www.dailymotion.com/playlist/x83g2b
426	x83g2c	6	Hatsu 2024 - Day 14	https://www.dailymotion.com/playlist/x83g2c
427	x83g2d	10	Hatsu 2024 - Day 15	https://www.dailymotion.com/playlist/x83g2d
428	x87c5w	6	Haru 2024 - Day 1	https://www.dailymotion.com/playlist/x87c5w
429	x87c5y	7	Haru 2024 - Day 2	https://www.dailymotion.com/playlist/x87c5y
430	x87c60	7	Haru 2024 - Day 3	https://www.dailymotion.com/playlist/x87c60
431	x87c64	7	Haru 2024 - Day 4	https://www.dailymotion.com/playlist/x87c64
432	x87c66	8	Haru 2024 - Day 5	https://www.dailymotion.com/playlist/x87c66
433	x87c68	7	Haru 2024 - Day 6	https://www.dailymotion.com/playlist/x87c68
434	x87c6a	7	Haru 2024 - Day 7	https://www.dailymotion.com/playlist/x87c6a
435	x87c6c	7	Haru 2024 - Day 8	https://www.dailymotion.com/playlist/x87c6c
436	x87c6e	6	Haru 2024 - Day 9	https://www.dailymotion.com/playlist/x87c6e
437	x87c6g	6	Haru 2024 - Day 10	https://www.dailymotion.com/playlist/x87c6g
438	x87c6i	6	Haru 2024 - Day 11	https://www.dailymotion.com/playlist/x87c6i
439	x87c6m	6	Haru 2024 - Day 12	https://www.dailymotion.com/playlist/x87c6m
440	x87c6o	6	Haru 2024 - Day 13	https://www.dailymotion.com/playlist/x87c6o
441	x87c6q	6	Haru 2024 - Day 14	https://www.dailymotion.com/playlist/x87c6q
442	x87c6s	9	Haru 2024 - Day 15	https://www.dailymotion.com/playlist/x87c6s
443	x8cbj8	6	Natsu 2024 - Day 1	https://www.dailymotion.com/playlist/x8cbj8
444	x8cbjc	5	Natsu 2024 - Day 2	https://www.dailymotion.com/playlist/x8cbjc
445	x8cbjg	8	Natsu 2024 - Day 3	https://www.dailymotion.com/playlist/x8cbjg
446	x8cibi	7	Natsu 2024 - Day 4	https://www.dailymotion.com/playlist/x8cibi
447	x8cibk	7	Natsu 2024 - Day 5	https://www.dailymotion.com/playlist/x8cibk
448	x8cibm	7	Natsu 2024 - Day 6	https://www.dailymotion.com/playlist/x8cibm
449	x8cibo	6	Natsu 2024 - Day 7	https://www.dailymotion.com/playlist/x8cibo
450	x8cibq	7	Natsu 2024 - Day 8	https://www.dailymotion.com/playlist/x8cibq
451	x8cibu	7	Natsu 2024 - Day 9	https://www.dailymotion.com/playlist/x8cibu
452	x8ciby	6	Natsu 2024 - Day 10	https://www.dailymotion.com/playlist/x8ciby
453	x8cic0	6	Natsu 2024 - Day 11	https://www.dailymotion.com/playlist/x8cic0
454	x8cic2	7	Natsu 2024 - Day 12	https://www.dailymotion.com/playlist/x8cic2
455	x8cic8	6	Natsu 2024 - Day 13	https://www.dailymotion.com/playlist/x8cic8
456	x8cica	6	Natsu 2024 - Day 14	https://www.dailymotion.com/playlist/x8cica
457	x8cicc	9	Natsu 2024 - Day 15	https://www.dailymotion.com/playlist/x8cicc
458	x8j2gq	6	Nagoya 2024 - Day 1	https://www.dailymotion.com/playlist/x8j2gq
459	x8j2gu	6	Nagoya 2024 - Day 2	https://www.dailymotion.com/playlist/x8j2gu
460	x8j2gy	7	Nagoya 2024 - Day 3	https://www.dailymotion.com/playlist/x8j2gy
461	x8j2h4	7	Nagoya 2024 - Day 4	https://www.dailymotion.com/playlist/x8j2h4
462	x8j2h6	7	Nagoya 2024 - Day 5	https://www.dailymotion.com/playlist/x8j2h6
463	x8j2h8	7	Nagoya 2024 - Day 6	https://www.dailymotion.com/playlist/x8j2h8
464	x8j2ha	6	Nagoya 2024 - Day 7	https://www.dailymotion.com/playlist/x8j2ha
465	x8j2he	7	Nagoya 2024 - Day 8	https://www.dailymotion.com/playlist/x8j2he
466	x8j2hi	6	Nagoya 2024 - Day 9	https://www.dailymotion.com/playlist/x8j2hi
467	x8j2hk	6	Nagoya 2024 - Day 10	https://www.dailymotion.com/playlist/x8j2hk
468	x8j2hq	6	Nagoya 2024 - Day 11	https://www.dailymotion.com/playlist/x8j2hq
469	x8j2hu	6	Nagoya 2024 - Day 12	https://www.dailymotion.com/playlist/x8j2hu
470	x8j2hw	6	Nagoya 2024 - Day 13	https://www.dailymotion.com/playlist/x8j2hw
471	x8j2hy	6	Nagoya 2024 - Day 14	https://www.dailymotion.com/playlist/x8j2hy
472	x8j2i0	9	Nagoya 2024 - Day 15	https://www.dailymotion.com/playlist/x8j2i0
473	x8ovf4	6	Aki 2024 - Day 1	https://www.dailymotion.com/playlist/x8ovf4
474	x8ovf8	6	Aki 2024 - Day 2	https://www.dailymotion.com/playlist/x8ovf8
475	x8ovfa	6	Aki 2024 - Day 3	https://www.dailymotion.com/playlist/x8ovfa
476	x8ovfc	6	Aki 2024 - Day 4	https://www.dailymotion.com/playlist/x8ovfc
477	x8ovfe	6	Aki 2024 - Day 5	https://www.dailymotion.com/playlist/x8ovfe
478	x8ovfi	6	Aki 2024 - Day 6	https://www.dailymotion.com/playlist/x8ovfi
479	x8ovfk	6	Aki 2024 - Day 7	https://www.dailymotion.com/playlist/x8ovfk
480	x8ovfo	6	Aki 2024 - Day 8	https://www.dailymotion.com/playlist/x8ovfo
481	x8ovfs	6	Aki 2024 - Day 9	https://www.dailymotion.com/playlist/x8ovfs
482	x8ovfu	6	Aki 2024 - Day 10	https://www.dailymotion.com/playlist/x8ovfu
483	x8ovg2	6	Aki 2024 - Day 11	https://www.dailymotion.com/playlist/x8ovg2
484	x8ovg4	6	Aki 2024 - Day 12	https://www.dailymotion.com/playlist/x8ovg4
485	x8ovg8	6	Aki 2024 - Day 13	https://www.dailymotion.com/playlist/x8ovg8
486	x8ovgc	6	Aki 2024 - Day 14	https://www.dailymotion.com/playlist/x8ovgc
487	x8ovgg	10	Aki 2024 - Day 15	https://www.dailymotion.com/playlist/x8ovgg
488	x9069a	6	Kyushu 2024 - Day 1	https://www.dailymotion.com/playlist/x9069a
489	x9069k	6	Kyushu 2024 - Day 2	https://www.dailymotion.com/playlist/x9069k
490	x9069q	7	Kyushu 2024 - Day 3	https://www.dailymotion.com/playlist/x9069q
491	x9069s	6	Kyushu 2024 - Day 4	https://www.dailymotion.com/playlist/x9069s
492	x9069u	7	Kyushu 2024 - Day 5	https://www.dailymotion.com/playlist/x9069u
493	x9069w	7	Kyushu 2024 - Day 6	https://www.dailymotion.com/playlist/x9069w
494	x9069y	6	Kyushu 2024 - Day 7	https://www.dailymotion.com/playlist/x9069y
495	x906a2	6	Kyushu 2024 - Day 8	https://www.dailymotion.com/playlist/x906a2
496	x906a4	6	Kyushu 2024 - Day 9	https://www.dailymotion.com/playlist/x906a4
497	x906a6	6	Kyushu 2024 - Day 10	https://www.dailymotion.com/playlist/x906a6
498	x906aa	6	Kyushu 2024 - Day 11	https://www.dailymotion.com/playlist/x906aa
499	x906ae	6	Kyushu 2024 - Day 12	https://www.dailymotion.com/playlist/x906ae
500	x906ai	6	Kyushu 2024 - Day 13	https://www.dailymotion.com/playlist/x906ai
501	x906aq	6	Kyushu 2024 - Day 14	https://www.dailymotion.com/playlist/x906aq
502	x906aw	8	Kyushu 2024 - Day 15	https://www.dailymotion.com/playlist/x906aw
503	x98rjk	6	Hatsu 2025 - Day 1	https://www.dailymotion.com/playlist/x98rjk
504	x98rjs	6	Hatsu 2025 - Day 2	https://www.dailymotion.com/playlist/x98rjs
505	x98rju	7	Hatsu 2025 - Day 3	https://www.dailymotion.com/playlist/x98rju
506	x98rk0	7	Hatsu 2025 - Day 4	https://www.dailymotion.com/playlist/x98rk0
507	x99fx4	7	Hatsu 2025 - Day 5	https://www.dailymotion.com/playlist/x99fx4
508	x99fx8	7	Hatsu 2025 - Day 6	https://www.dailymotion.com/playlist/x99fx8
509	x99ow4	7	Hatsu 2025 - Day 7	https://www.dailymotion.com/playlist/x99ow4
510	x99ow8	7	Hatsu 2025 - Day 8	https://www.dailymotion.com/playlist/x99ow8
511	x99owa	7	Hatsu 2025 - Day 9	https://www.dailymotion.com/playlist/x99owa
512	x99owe	6	Hatsu 2025 - Day 10	https://www.dailymotion.com/playlist/x99owe
513	x99owg	6	Hatsu 2025 - Day 11	https://www.dailymotion.com/playlist/x99owg
514	x99owk	6	Hatsu 2025 - Day 12	https://www.dailymotion.com/playlist/x99owk
515	x99owm	6	Hatsu 2025 - Day 13	https://www.dailymotion.com/playlist/x99owm
516	x99owo	7	Hatsu 2025 - Day 14	https://www.dailymotion.com/playlist/x99owo
517	x99owq	9	Hatsu 2025 - Day 15	https://www.dailymotion.com/playlist/x99owq
518	x9g39u	6	Haru 2025 - Day 1	https://www.dailymotion.com/playlist/x9g39u
519	x9g39y	7	Haru 2025 - Day 2	https://www.dailymotion.com/playlist/x9g39y
520	x9g3a0	7	Haru 2025 - Day 3	https://www.dailymotion.com/playlist/x9g3a0
521	x9g3a2	7	Haru 2025 - Day 4	https://www.dailymotion.com/playlist/x9g3a2
522	x9g3a4	8	Haru 2025 - Day 5	https://www.dailymotion.com/playlist/x9g3a4
523	x9g3aa	8	Haru 2025 - Day 6	https://www.dailymotion.com/playlist/x9g3aa
524	x9g3ag	7	Haru 2025 - Day 7	https://www.dailymotion.com/playlist/x9g3ag
525	x9g3ai	7	Haru 2025 - Day 8	https://www.dailymotion.com/playlist/x9g3ai
526	x9g3ak	8	Haru 2025 - Day 9	https://www.dailymotion.com/playlist/x9g3ak
527	x9g3aq	7	Haru 2025 - Day 10	https://www.dailymotion.com/playlist/x9g3aq
528	x9g3au	6	Haru 2025 - Day 11	https://www.dailymotion.com/playlist/x9g3au
529	x9g3ay	6	Haru 2025 - Day 12	https://www.dailymotion.com/playlist/x9g3ay
530	x9g3b2	6	Haru 2025 - Day 13	https://www.dailymotion.com/playlist/x9g3b2
531	x9g3b4	6	Haru 2025 - Day 14	https://www.dailymotion.com/playlist/x9g3b4
532	x9g3b6	9	Haru 2025 - Day 15	https://www.dailymotion.com/playlist/x9g3b6
